Doctor_ID,Doctor_Name,Department,Experience_Years,Hospital_Branch,Consultation_Fee
DOC0001,Gary Hawkins,Pediatrics,28,Delhi,2252
DOC0002,Alyssa Lopez,Oncology,5,Mumbai,2572
DOC0003,Adam Mcdonald,Neurology,7,Pune,557
DOC0004,Rachel Brooks,Pediatrics,16,Bangalore,813
DOC0005,Micheal Baker,Cardiology,8,Pune,2183
DOC0006,Crystal Wilson,Orthopedics,6,Pune,1870
DOC0007,Kelly James,General Medicine,4,Bangalore,1026
DOC0008,Patrick Harrison,Pediatrics,30,Hyderabad,1361
DOC0009,Sarah Ortiz,Pediatrics,3,Pune,1459
DOC0010,Blake Peterson,Pediatrics,16,Hyderabad,800
DOC0011,Victoria Velazquez,Neurology,14,Bangalore,1638
DOC0012,Paul Smith,Dermatology,14,Hyderabad,1625
DOC0013,Ethan Johnson,ENT,4,Mumbai,1198
DOC0014,Lindsey Escobar,Cardiology,26,Delhi,741
DOC0015,Richard Hayden,Orthopedics,27,Hyderabad,913
DOC0016,Kayla Thomas,Pediatrics,17,Bangalore,994
DOC0017,Susan Fisher,Neurology,18,Bangalore,2653
DOC0018,Patrick Martinez,Neurology,30,Delhi,717
DOC0019,Daniel Bennett,Neurology,10,Pune,686
DOC0020,Thomas Allen,Orthopedics,7,Bangalore,1523
DOC0021,Lisa Gomez,Pediatrics,21,Hyderabad,2126
DOC0022,Rebecca Baker,Orthopedics,17,Hyderabad,560
DOC0023,Christine Holmes,Neurology,26,Bangalore,697
DOC0024,Alexis Luna,Neurology,28,Mumbai,1492
DOC0025,James Andrews,Pediatrics,14,Mumbai,834
DOC0026,Alan Calhoun,Dermatology,16,Pune,2118
DOC0027,Jessica Hines,Cardiology,5,Pune,889
DOC0028,Gail Moss,Dermatology,18,Hyderabad,1237
DOC0029,Brian Thomas,ENT,17,Hyderabad,2777
DOC0030,Angela Black,General Medicine,28,Pune,2599
DOC0031,Melanie Villa,ENT,3,Hyderabad,814
DOC0032,Thomas Cobb,Oncology,28,Hyderabad,1440
DOC0033,Hannah Martin,General Medicine,16,Pune,687
DOC0034,Stephen Kennedy,Pediatrics,3,Delhi,1546
DOC0035,Kenneth Jones,ENT,8,Delhi,2772
DOC0036,Jessica Brown,Cardiology,6,Hyderabad,1174
DOC0037,Thomas Hardy,Neurology,7,Delhi,822
DOC0038,Christina Cummings,General Medicine,27,Hyderabad,1207
DOC0039,Shawna Lee,General Medicine,21,Delhi,1732
DOC0040,Natalie Salazar,Oncology,1,Bangalore,1710
DOC0041,Melissa Lopez,General Medicine,13,Hyderabad,2402
DOC0042,Christopher Lee,General Medicine,5,Bangalore,2804
DOC0043,Nathaniel Griffin,Dermatology,8,Bangalore,2874
DOC0044,Erik Wong,Cardiology,25,Delhi,874
DOC0045,Brandon Watson Jr.,ENT,14,Hyderabad,2994
DOC0046,Mary Byrd,Oncology,8,Bangalore,1973
DOC0047,Kenneth Hall,Cardiology,2,Bangalore,925
DOC0048,Kristin Marshall,Pediatrics,3,Delhi,1311
DOC0049,Joseph Burke Jr.,Cardiology,7,Delhi,2315
DOC0050,Zachary Wells,Dermatology,28,Pune,788
DOC0051,Jason Crosby,ENT,1,Pune,935
DOC0052,Luis Cole,Dermatology,22,Pune,2778
DOC0053,Lance Sullivan,General Medicine,28,Pune,1773
DOC0054,Desiree Obrien,Orthopedics,26,Delhi,2954
DOC0055,Michael Crawford,ENT,5,Hyderabad,1767
DOC0056,Kristen Garcia,Neurology,17,Delhi,2689
DOC0057,Kristen Parks,Dermatology,19,Pune,2975
DOC0058,James Smith,Orthopedics,8,Bangalore,1542
DOC0059,Phillip Ortiz,General Medicine,2,Bangalore,2015
DOC0060,Shannon Marshall,ENT,5,Bangalore,2541
DOC0061,Brian Mora,ENT,6,Delhi,1411
DOC0062,Samantha Howard,Dermatology,28,Mumbai,2153
DOC0063,Scott Martin,Orthopedics,1,Hyderabad,804
DOC0064,Carlos Hanson,Dermatology,1,Bangalore,2892
DOC0065,Todd Rivera,General Medicine,4,Pune,1145
DOC0066,Timothy Ford,Oncology,3,Hyderabad,617
DOC0067,Joseph Hoffman,Neurology,15,Delhi,2098
DOC0068,Lance Sweeney,Dermatology,27,Hyderabad,2039
DOC0069,Andrew Shaw,Oncology,27,Pune,1049
DOC0070,Stacey Thomas,Neurology,23,Hyderabad,1986
DOC0071,Christopher Montoya,Oncology,27,Bangalore,2603
DOC0072,Cathy Cherry,General Medicine,24,Delhi,1748
DOC0073,Ashley Cruz,ENT,2,Bangalore,2370
DOC0074,Kimberly Melendez,Neurology,27,Mumbai,2206
DOC0075,Marvin Smith,Pediatrics,13,Bangalore,2073
DOC0076,Johnny Mann,General Medicine,4,Pune,1792
DOC0077,Dana Dean,Dermatology,13,Pune,2374
DOC0078,Anita Smith,Neurology,11,Pune,959
DOC0079,Gabriela Miranda,Neurology,27,Delhi,1074
DOC0080,Margaret Combs,Cardiology,30,Pune,573
DOC0081,Amanda Medina,Neurology,17,Delhi,1882
DOC0082,Norma Wilkinson,Oncology,25,Bangalore,2833
DOC0083,Douglas Weaver,Dermatology,16,Hyderabad,1260
DOC0084,Sabrina Valencia,Dermatology,6,Bangalore,1888
DOC0085,Scott Contreras,Orthopedics,12,Pune,2224
DOC0086,Michelle Martin,Neurology,12,Delhi,1473
DOC0087,Anthony Pope,Oncology,12,Hyderabad,2602
DOC0088,James Fowler,General Medicine,18,Delhi,2612
DOC0089,Alyssa Torres,Dermatology,3,Hyderabad,2265
DOC0090,Jason Brown,Oncology,25,Delhi,1535
DOC0091,Brett Macias,Oncology,9,Mumbai,1159
DOC0092,Jessica Baldwin,ENT,18,Bangalore,1388
DOC0093,Brian White,Orthopedics,27,Delhi,513
DOC0094,Shelia Mills,Neurology,23,Mumbai,1397
DOC0095,Brittany Jenkins,Oncology,1,Hyderabad,556
DOC0096,Ryan Fuller,General Medicine,1,Delhi,1512
DOC0097,John Wright,ENT,30,Pune,1911
DOC0098,Justin Peck,General Medicine,27,Hyderabad,565
DOC0099,Kelsey Hall,Neurology,29,Bangalore,673
DOC0100,Richard Castillo,Pediatrics,14,Bangalore,501
DOC0101,Daniel Lee,Orthopedics,27,Bangalore,2343
DOC0102,Laura Gonzalez,ENT,2,Hyderabad,690
DOC0103,Michelle Foster,Pediatrics,20,Delhi,1085
DOC0104,Richard Lopez MD,ENT,24,Hyderabad,2808
DOC0105,Michele Smith,Cardiology,9,Pune,1290
DOC0106,Todd Reese,Dermatology,20,Delhi,2936
DOC0107,Benjamin Anderson,Neurology,17,Mumbai,2636
DOC0108,Christopher Scott,Dermatology,29,Bangalore,2673
DOC0109,Victoria Wang,Oncology,13,Mumbai,2173
DOC0110,Richard Brown,Dermatology,3,Pune,1294
DOC0111,Kimberly Clark,Dermatology,15,Pune,772
DOC0112,Shane Moore,ENT,30,Pune,1803
DOC0113,Shawn Sosa,Orthopedics,20,Pune,2836
DOC0114,Katherine Branch,General Medicine,30,Mumbai,2075
DOC0115,Dr. Mark Dean,Neurology,12,Bangalore,2712
DOC0116,David Richard,ENT,30,Hyderabad,2729
DOC0117,Michelle Watson,Neurology,22,Bangalore,894
DOC0118,Christopher Reyes,Orthopedics,9,Bangalore,1171
DOC0119,Barbara Woods,ENT,25,Pune,645
DOC0120,Crystal Smith,Pediatrics,2,Hyderabad,2435
DOC0121,Jennifer Graham,Pediatrics,30,Bangalore,667
DOC0122,Joseph Morris Jr.,Pediatrics,14,Mumbai,1587
DOC0123,Thomas Crawford Jr.,General Medicine,27,Hyderabad,829
DOC0124,Brooke Jackson,Dermatology,15,Hyderabad,2923
DOC0125,Sara Nicholson,Pediatrics,28,Delhi,915
DOC0126,Jessica Tucker,Oncology,29,Hyderabad,962
DOC0127,Laura Hernandez,Oncology,17,Pune,754
DOC0128,Hannah Perez,ENT,30,Bangalore,830
DOC0129,Patrick Cooper,General Medicine,29,Mumbai,589
DOC0130,Charles Maxwell,Neurology,8,Bangalore,2703
DOC0131,Kayla Parks,General Medicine,7,Hyderabad,1214
DOC0132,Emma Martinez,Neurology,30,Bangalore,568
DOC0133,Briana Nolan,General Medicine,13,Mumbai,1777
DOC0134,Lisa Baker,ENT,18,Pune,1302
DOC0135,Sandra Ortega,Pediatrics,27,Pune,1257
DOC0136,Lisa Sampson,Oncology,14,Mumbai,2472
DOC0137,Jose Carr,Oncology,8,Delhi,2554
DOC0138,Brian Bond,Cardiology,8,Bangalore,1804
DOC0139,Maurice Lucero,General Medicine,10,Pune,2548
DOC0140,Scott Townsend,General Medicine,26,Mumbai,1231
DOC0141,Bradley Rodriguez,Neurology,24,Delhi,2932
DOC0142,Rebecca Roberts,Pediatrics,10,Hyderabad,2085
DOC0143,Aaron Reed,Dermatology,4,Pune,2386
DOC0144,Julie Weaver,Oncology,2,Pune,2819
DOC0145,Carly Espinoza,Cardiology,19,Hyderabad,811
DOC0146,Jonathan Brown,General Medicine,13,Pune,2217
DOC0147,Johnny Richard,Neurology,15,Delhi,2944
DOC0148,Erin Garrison,Pediatrics,4,Delhi,662
DOC0149,Sean Brown,Oncology,23,Bangalore,2154
DOC0150,Brian Phillips,Orthopedics,11,Pune,2129
DOC0151,Nancy Hodges,Orthopedics,3,Delhi,2937
DOC0152,Mark Williams,Cardiology,5,Hyderabad,605
DOC0153,Alyssa Miller,Pediatrics,15,Hyderabad,1906
DOC0154,Elizabeth Gonzalez,Pediatrics,1,Delhi,724
DOC0155,Lisa Wagner,General Medicine,10,Bangalore,801
DOC0156,Rebecca Delacruz,Pediatrics,14,Pune,1475
DOC0157,Kimberly Taylor,Cardiology,30,Bangalore,2338
DOC0158,Marie Schultz,Orthopedics,16,Bangalore,2276
DOC0159,Dr. Jaclyn Gonzales MD,Orthopedics,26,Mumbai,589
DOC0160,John Rose,Orthopedics,4,Pune,1807
DOC0161,Tyler Day,Orthopedics,27,Hyderabad,1368
DOC0162,Samantha Escobar,Cardiology,11,Mumbai,2382
DOC0163,Claire Perez,Cardiology,4,Mumbai,2458
DOC0164,Ryan Mitchell,Dermatology,23,Delhi,2369
DOC0165,Charles Nunez,Orthopedics,1,Mumbai,1125
DOC0166,Isaiah Perry,General Medicine,17,Hyderabad,1291
DOC0167,Kathy Garcia,Orthopedics,8,Pune,2472
DOC0168,Christopher Doyle,Pediatrics,14,Pune,2449
DOC0169,Andrew Huerta,General Medicine,30,Pune,2089
DOC0170,Edward Robles,Pediatrics,7,Mumbai,1635
DOC0171,Susan Santiago,Neurology,25,Bangalore,2569
DOC0172,James Gonzales,General Medicine,5,Pune,2800
DOC0173,Ryan Hernandez,Cardiology,29,Pune,2307
DOC0174,Robert Sanchez,Pediatrics,16,Bangalore,2290
DOC0175,Michelle Jackson,Pediatrics,17,Bangalore,2298
DOC0176,Tyrone Ferguson,Pediatrics,13,Bangalore,2001
DOC0177,Kelly Smith,Neurology,25,Hyderabad,1235
DOC0178,Dana Jefferson,General Medicine,5,Pune,2825
DOC0179,Mark Russell,Oncology,9,Pune,2704
DOC0180,Ryan Peterson,Orthopedics,28,Hyderabad,2791
DOC0181,Samantha Williamson,Pediatrics,3,Pune,1916
DOC0182,Robin Munoz,Orthopedics,6,Hyderabad,2509
DOC0183,Andrew Hudson,Oncology,11,Delhi,854
DOC0184,Leslie Brown,ENT,16,Hyderabad,2110
DOC0185,Patricia Carlson,Oncology,9,Delhi,1621
DOC0186,Crystal Wright,General Medicine,18,Pune,2487
DOC0187,Tracy Calhoun,ENT,10,Pune,2169
DOC0188,Daniel Watkins,Oncology,19,Pune,816
DOC0189,Karen Smith,Cardiology,7,Delhi,2645
DOC0190,Tristan Nguyen,ENT,28,Mumbai,2536
DOC0191,Teresa Kennedy,ENT,28,Hyderabad,2212
DOC0192,Timothy Chandler,Cardiology,28,Pune,2709
DOC0193,Maria Anderson,Dermatology,15,Bangalore,1215
DOC0194,Candace Hill,Cardiology,11,Delhi,1828
DOC0195,Debra Rice,ENT,18,Bangalore,2152
DOC0196,Mr. Daniel Bass,Orthopedics,5,Delhi,2159
DOC0197,Dr. Danny Harrington MD,Oncology,9,Pune,1853
DOC0198,Justin Mack,Neurology,18,Pune,1802
DOC0199,Jeffrey Rios,Neurology,12,Mumbai,851
DOC0200,Sean Powell,Orthopedics,3,Bangalore,793
DOC0201,Annette Mclaughlin,Oncology,23,Hyderabad,1013
DOC0202,Christopher Simpson,ENT,20,Delhi,2677
DOC0203,John Figueroa,Dermatology,22,Hyderabad,2249
DOC0204,Tyler Ortiz,Pediatrics,26,Delhi,1538
DOC0205,Peter Jenkins,Dermatology,27,Pune,717
DOC0206,Robert Smith,Neurology,16,Delhi,1933
DOC0207,Taylor Jackson,Oncology,20,Pune,2396
DOC0208,Kaitlyn Burton,Cardiology,4,Bangalore,2013
DOC0209,Joshua Randall,Orthopedics,6,Pune,1762
DOC0210,Trevor Friedman,Neurology,24,Mumbai,1577
DOC0211,Jason Gonzalez,Dermatology,29,Bangalore,1871
DOC0212,Sara Park,Orthopedics,23,Hyderabad,1979
DOC0213,Lawrence Gutierrez,ENT,18,Pune,1301
DOC0214,Nicholas Hernandez,Pediatrics,4,Pune,2724
DOC0215,Alyssa Orozco,Oncology,5,Delhi,1236
DOC0216,Toni Perez,Orthopedics,26,Pune,1009
DOC0217,Gary Woods,Neurology,7,Delhi,2549
DOC0218,Danielle Mora,Cardiology,2,Mumbai,836
DOC0219,Casey Ramirez,General Medicine,20,Hyderabad,710
DOC0220,Christopher Rodriguez,Cardiology,24,Hyderabad,1540
DOC0221,Derek Johnson,ENT,22,Bangalore,1863
DOC0222,Brian Castillo,Pediatrics,15,Pune,1510
DOC0223,Cassandra Krause,General Medicine,22,Mumbai,1113
DOC0224,Cory Boyer,Orthopedics,8,Hyderabad,779
DOC0225,Todd Mcclain,Oncology,5,Delhi,2751
DOC0226,Valerie Atkinson,Oncology,14,Pune,2876
DOC0227,Michelle Hernandez,General Medicine,20,Hyderabad,1519
DOC0228,Jane Hull,Pediatrics,19,Hyderabad,540
DOC0229,Jody Hale,General Medicine,13,Hyderabad,2613
DOC0230,Joseph Vincent,ENT,7,Mumbai,2865
DOC0231,Frances Huber,ENT,29,Bangalore,2590
DOC0232,Mark Allen,General Medicine,25,Bangalore,2248
DOC0233,Eric Sullivan,Orthopedics,16,Delhi,1276
DOC0234,Michelle Matthews,ENT,2,Mumbai,1562
DOC0235,Jessica Wilson,General Medicine,13,Hyderabad,2651
DOC0236,Ruth Mcbride,General Medicine,12,Hyderabad,2719
DOC0237,George Stanton,Cardiology,20,Delhi,2054
DOC0238,Sara Townsend,Dermatology,30,Delhi,2849
DOC0239,Gina Villegas,General Medicine,15,Hyderabad,1312
DOC0240,Elaine Bryant,Cardiology,27,Pune,1102
DOC0241,Paula Martinez,Dermatology,10,Pune,1858
DOC0242,Alicia Morse,ENT,6,Bangalore,1597
DOC0243,Brooke Mullins,General Medicine,13,Mumbai,836
DOC0244,Alan Evans,Orthopedics,24,Hyderabad,1647
DOC0245,Megan Hinton,Orthopedics,22,Delhi,2872
DOC0246,Madison Lee,Orthopedics,15,Bangalore,2899
DOC0247,Bruce Church,Oncology,22,Hyderabad,681
DOC0248,Tony Lambert,Neurology,22,Delhi,1086
DOC0249,Michael Vasquez,Orthopedics,2,Mumbai,803
DOC0250,Samantha Jones,Pediatrics,21,Delhi,1067
DOC0251,Emily Smith,Pediatrics,3,Mumbai,2069
DOC0252,Carrie Lynch,General Medicine,2,Bangalore,1690
DOC0253,Samantha Reid,Neurology,23,Pune,1859
DOC0254,Robert Harris,Orthopedics,8,Pune,532
DOC0255,Samuel Chambers,Cardiology,25,Hyderabad,2351
DOC0256,Mr. Colin Mendoza,ENT,16,Bangalore,816
DOC0257,Mr. Michael Frazier,Cardiology,25,Delhi,1342
DOC0258,Mia Black,Orthopedics,6,Pune,608
DOC0259,Danny Arnold,ENT,8,Bangalore,2401
DOC0260,David Park,General Medicine,8,Mumbai,2245
DOC0261,Patrick Murphy,ENT,9,Hyderabad,1768
DOC0262,Elizabeth Edwards,Dermatology,9,Mumbai,817
DOC0263,Kenneth Brown,Cardiology,27,Mumbai,1074
DOC0264,Vanessa Reese,Oncology,8,Hyderabad,1949
DOC0265,Lindsay Chambers,General Medicine,8,Pune,2280
DOC0266,Jermaine Terry,ENT,8,Delhi,1956
DOC0267,John Leon,Pediatrics,18,Mumbai,816
DOC0268,Sheila Hall,Dermatology,29,Bangalore,1897
DOC0269,Gary Watts,Dermatology,18,Mumbai,1067
DOC0270,Jennifer Vasquez,General Medicine,7,Delhi,1057
DOC0271,Belinda Gibbs,Neurology,5,Bangalore,1997
DOC0272,Walter Baker,Oncology,24,Hyderabad,1189
DOC0273,Debra Vargas,Oncology,1,Pune,2725
DOC0274,Heather Robinson,Neurology,9,Delhi,1022
DOC0275,Steven Harris,Pediatrics,15,Delhi,2189
DOC0276,Stephen Kim,ENT,29,Delhi,2372
DOC0277,Amber Davis,ENT,27,Hyderabad,1263
DOC0278,James Nguyen,General Medicine,9,Bangalore,1730
DOC0279,Michael Kane,ENT,11,Hyderabad,2294
DOC0280,Keith Jones,Neurology,4,Mumbai,951
DOC0281,Jeremy Morales,Pediatrics,26,Pune,2656
DOC0282,Amanda Gibson,ENT,7,Delhi,669
DOC0283,Eric Hall,Orthopedics,10,Mumbai,2085
DOC0284,Chelsea Davidson,General Medicine,11,Hyderabad,2258
DOC0285,Brett Murphy,Oncology,19,Bangalore,2250
DOC0286,Angela Hernandez,General Medicine,12,Hyderabad,1375
DOC0287,Richard Oneal,Neurology,26,Delhi,2845
DOC0288,Michael Fleming,Cardiology,7,Bangalore,2772
DOC0289,Shawna Lopez,Pediatrics,17,Pune,1053
DOC0290,Samuel Clark,Dermatology,7,Mumbai,2439
DOC0291,James Ortiz,Pediatrics,2,Mumbai,2510
DOC0292,Erica Davis,Neurology,20,Mumbai,2092
DOC0293,Kelly Lawson,General Medicine,6,Delhi,527
DOC0294,Rebecca Davis,Orthopedics,8,Hyderabad,2297
DOC0295,Sara Davis,Orthopedics,30,Hyderabad,2741
DOC0296,Daniel Torres,Cardiology,16,Mumbai,2280
DOC0297,Bryan Berry,Dermatology,30,Bangalore,2831
DOC0298,Maria Beltran,ENT,2,Pune,1781
DOC0299,Larry Morgan,Cardiology,24,Delhi,2806
DOC0300,Keith Phillips,Dermatology,22,Bangalore,1403
DOC0301,Kevin Espinoza,Oncology,12,Pune,1087
DOC0302,Alyssa Fisher,Oncology,19,Bangalore,609
DOC0303,Katrina Martinez,Orthopedics,3,Delhi,994
DOC0304,Lauren Herman,ENT,1,Delhi,516
DOC0305,Andrea Castro,Cardiology,18,Mumbai,1232
DOC0306,Bailey Johnson,Orthopedics,2,Bangalore,1465
DOC0307,Charles Miller,Orthopedics,24,Mumbai,674
DOC0308,Chad Mcgrath,Oncology,19,Bangalore,2070
DOC0309,Kristen Vasquez,Cardiology,17,Hyderabad,2664
DOC0310,Beverly Miller,Cardiology,10,Pune,2068
DOC0311,Colleen Rojas,Neurology,28,Pune,977
DOC0312,Adrienne Harris,Cardiology,28,Delhi,1671
DOC0313,Mark Nguyen,ENT,28,Hyderabad,1242
DOC0314,Catherine Cox,General Medicine,26,Pune,1943
DOC0315,Robert Hood,Neurology,25,Delhi,2495
DOC0316,Mr. Alex Martinez DDS,Oncology,19,Delhi,2106
DOC0317,Norma Bishop,Dermatology,11,Delhi,2150
DOC0318,Ashley Mendoza,Pediatrics,15,Pune,658
DOC0319,Jeffrey Garrett,Orthopedics,15,Mumbai,996
DOC0320,Mr. Joseph Mcmillan,Dermatology,1,Mumbai,1926
DOC0321,Donna King,Cardiology,5,Bangalore,1893
DOC0322,Christopher Roberts,Cardiology,13,Mumbai,1018
DOC0323,Matthew Stevens,ENT,26,Delhi,1931
DOC0324,Maria Simpson,Orthopedics,28,Bangalore,860
DOC0325,Kelly Diaz,Dermatology,20,Bangalore,1785
DOC0326,Manuel Jackson,Dermatology,29,Bangalore,2062
DOC0327,Kevin Daniels,Dermatology,13,Pune,2124
DOC0328,Noah Smith,General Medicine,14,Hyderabad,991
DOC0329,Stacy Lee,General Medicine,6,Hyderabad,1749
DOC0330,April Rosales,Cardiology,1,Delhi,555
DOC0331,Lisa Walker,Neurology,7,Pune,1577
DOC0332,Danielle Green,Oncology,15,Hyderabad,1610
DOC0333,Jonathan Berger,ENT,24,Delhi,570
DOC0334,Madison Griffith,ENT,8,Hyderabad,1230
DOC0335,Amanda Pittman,Oncology,6,Mumbai,1831
DOC0336,Matthew Johnson,Oncology,8,Pune,2251
DOC0337,Natalie Thomas,Orthopedics,21,Mumbai,1356
DOC0338,Wayne Benjamin,Oncology,9,Bangalore,681
DOC0339,William Simmons,Neurology,11,Bangalore,985
DOC0340,Chloe Stewart,ENT,16,Pune,2011
DOC0341,Angela Vaughn,ENT,18,Pune,2290
DOC0342,Monique Thomas,Neurology,2,Delhi,646
DOC0343,Jesse Gutierrez,Cardiology,29,Bangalore,2951
DOC0344,Steven Craig,Neurology,28,Delhi,2669
DOC0345,Sharon Martin,Dermatology,6,Bangalore,2546
DOC0346,Timothy Harper,Oncology,20,Mumbai,1344
DOC0347,Stacey Conner,General Medicine,17,Hyderabad,849
DOC0348,Chad Noble,General Medicine,2,Mumbai,2116
DOC0349,Jeffery Morgan,Dermatology,30,Mumbai,853
DOC0350,Lisa Miller,Pediatrics,23,Bangalore,1937
DOC0351,Robin Good,Cardiology,21,Delhi,2561
DOC0352,Jodi Weaver,ENT,12,Pune,1886
DOC0353,Steven Hall,ENT,11,Delhi,1368
DOC0354,Ethan Cooper,Neurology,17,Mumbai,2759
DOC0355,Gregory Walker,Orthopedics,7,Pune,722
DOC0356,Keith Trujillo,General Medicine,9,Bangalore,2089
DOC0357,Richard Smith,Pediatrics,1,Delhi,1311
DOC0358,Carol Anderson,Neurology,8,Hyderabad,2002
DOC0359,Angela Hendrix PhD,General Medicine,28,Delhi,2749
DOC0360,Tracy Chandler,General Medicine,6,Hyderabad,1424
DOC0361,Craig Singleton,Orthopedics,13,Bangalore,1823
DOC0362,Katrina Turner,ENT,2,Delhi,2424
DOC0363,Alexander Bradley,ENT,8,Mumbai,2495
DOC0364,Christina Simmons,Cardiology,3,Delhi,2229
DOC0365,Kayla Ferrell,Pediatrics,7,Pune,681
DOC0366,Patrick Combs,Pediatrics,10,Hyderabad,2492
DOC0367,Carlos Meadows,Neurology,6,Pune,2865
DOC0368,Patrick Schwartz,Oncology,3,Delhi,2687
DOC0369,Tanner Velazquez,Orthopedics,29,Pune,1175
DOC0370,Linda Sheppard,ENT,15,Bangalore,2213
DOC0371,Micheal Russell,Cardiology,14,Delhi,1731
DOC0372,Anthony Henry,Neurology,17,Pune,2090
DOC0373,Ashley Jackson,Cardiology,20,Bangalore,2073
DOC0374,Nicole Cowan,Dermatology,28,Delhi,847
DOC0375,Michael Carroll,Orthopedics,18,Hyderabad,1031
DOC0376,Ashley Walker,Neurology,23,Delhi,2469
DOC0377,Darrell Washington,Pediatrics,17,Pune,1746
DOC0378,Jose Harris,Oncology,12,Hyderabad,1472
DOC0379,Hannah Hansen,Cardiology,19,Pune,1817
DOC0380,Amy Davis,Oncology,7,Pune,1311
DOC0381,Andrew Tanner,Neurology,9,Hyderabad,1051
DOC0382,Bethany Fry,Dermatology,19,Delhi,2613
DOC0383,Chelsea Allen,Dermatology,4,Pune,1809
DOC0384,Jason Taylor,Dermatology,18,Pune,1392
DOC0385,Jason Williams,General Medicine,29,Bangalore,1625
DOC0386,Steven Butler,Dermatology,30,Bangalore,1194
DOC0387,Angela Franklin,Orthopedics,1,Pune,2825
DOC0388,John Simpson,Orthopedics,11,Bangalore,2665
DOC0389,Carolyn Jackson,Oncology,2,Delhi,1311
DOC0390,Kelsey Clark,Pediatrics,18,Delhi,2760
DOC0391,Ashley Harrington,ENT,12,Pune,1506
DOC0392,Jerome Young,General Medicine,24,Bangalore,896
DOC0393,Victor Tate,Cardiology,17,Hyderabad,1925
DOC0394,Joseph Nelson,Oncology,10,Hyderabad,2737
DOC0395,Joseph Garcia,Oncology,30,Delhi,2990
DOC0396,Melissa Johnson,Orthopedics,15,Mumbai,2354
DOC0397,Diana Matthews,ENT,17,Mumbai,1681
DOC0398,Christopher Elliott,Cardiology,16,Hyderabad,1269
DOC0399,Daniel Rodriguez,Orthopedics,17,Delhi,2781
DOC0400,Omar Nichols,Neurology,13,Pune,852
DOC0401,Jessica Gutierrez,ENT,15,Delhi,988
DOC0402,David Smith,Cardiology,8,Bangalore,678
DOC0403,Crystal Burns,Orthopedics,2,Pune,1396
DOC0404,Jesse Porter,Dermatology,3,Pune,1773
DOC0405,Kent Smith,Pediatrics,15,Bangalore,932
DOC0406,Jose Rodriguez,ENT,21,Hyderabad,771
DOC0407,Tyrone Brandt,General Medicine,21,Hyderabad,523
DOC0408,Jennifer Knight,Cardiology,26,Delhi,615
DOC0409,Michael Brown,Cardiology,29,Delhi,1432
DOC0410,Rebecca Ruiz,Oncology,2,Mumbai,981
DOC0411,Jodi Snyder,General Medicine,27,Hyderabad,2911
DOC0412,Erica Cole,Cardiology,9,Delhi,826
DOC0413,Sandra Whitaker,Neurology,24,Mumbai,2837
DOC0414,Maria Smith,Orthopedics,4,Bangalore,2787
DOC0415,Katrina Price,Neurology,19,Mumbai,2409
DOC0416,Eric Bailey,ENT,5,Bangalore,1682
DOC0417,Nancy Barnett,Oncology,21,Pune,2222
DOC0418,Frederick Wood,General Medicine,11,Pune,809
DOC0419,Veronica Wall,General Medicine,14,Hyderabad,2848
DOC0420,Todd Durham PhD,Neurology,12,Hyderabad,1303
DOC0421,Lorraine Smith,Oncology,30,Pune,1844
DOC0422,Rachel Bowman,ENT,10,Pune,682
DOC0423,Dennis Hoffman,Neurology,10,Hyderabad,2389
DOC0424,Amanda Carney,Neurology,20,Mumbai,2994
DOC0425,Alexander Smith,Cardiology,28,Hyderabad,1418
DOC0426,Laura Shelton,Oncology,17,Mumbai,2039
DOC0427,Adrienne Jackson,Pediatrics,14,Delhi,2820
DOC0428,Melinda Davis,ENT,18,Hyderabad,2050
DOC0429,Lori Torres,Neurology,5,Pune,2151
DOC0430,Laura Smith,Dermatology,22,Hyderabad,2876
DOC0431,Michelle Delgado,Neurology,13,Hyderabad,2820
DOC0432,Teresa Savage,Orthopedics,24,Pune,2355
DOC0433,Melissa Oconnor,Cardiology,22,Hyderabad,2238
DOC0434,Stephanie Daugherty,Dermatology,12,Pune,1714
DOC0435,Shannon Anderson,Dermatology,12,Hyderabad,2342
DOC0436,Tyler Ellison,ENT,22,Bangalore,2959
DOC0437,David Williams,ENT,16,Pune,2475
DOC0438,Donna Lee,Oncology,23,Hyderabad,564
DOC0439,Reginald Rogers,Cardiology,29,Pune,1802
DOC0440,Hayden Roberson,Cardiology,24,Pune,2648
DOC0441,Jennifer Cole,Orthopedics,7,Mumbai,2445
DOC0442,Martha Smith,Oncology,27,Mumbai,2818
DOC0443,Katrina Ruiz,Oncology,9,Pune,1657
DOC0444,Kevin Watts,Neurology,30,Mumbai,2277
DOC0445,Jonathan Taylor,ENT,18,Hyderabad,2156
DOC0446,Miranda Ortiz,Pediatrics,15,Delhi,2329
DOC0447,Tammy Munoz,Oncology,21,Hyderabad,2007
DOC0448,Adrienne Garcia,General Medicine,27,Pune,512
DOC0449,Ashley Deleon,Pediatrics,5,Delhi,2383
DOC0450,William Carlson,Oncology,5,Delhi,1518
DOC0451,Daniel Strong,Oncology,1,Bangalore,2605
DOC0452,David Henry,ENT,22,Hyderabad,2891
DOC0453,Mark Larsen,Orthopedics,26,Hyderabad,2651
DOC0454,Juan Jackson,Cardiology,6,Mumbai,2910
DOC0455,Lisa Reynolds,Pediatrics,11,Pune,2131
DOC0456,Heather Lambert,Oncology,2,Hyderabad,2640
DOC0457,Diane Bullock,Oncology,16,Delhi,2296
DOC0458,Hannah Carroll,Neurology,27,Hyderabad,541
DOC0459,Philip Bush,Dermatology,5,Mumbai,840
DOC0460,Elizabeth Smith,Pediatrics,24,Bangalore,1420
DOC0461,Elizabeth Ritter,General Medicine,10,Hyderabad,822
DOC0462,Melody Raymond,ENT,10,Pune,512
DOC0463,Chloe Burns,General Medicine,18,Pune,2498
DOC0464,Kurt Yang,Neurology,4,Pune,1148
DOC0465,Chris Barrett,General Medicine,20,Hyderabad,1795
DOC0466,Jennifer Miller,Dermatology,8,Bangalore,1327
DOC0467,Kimberly Brewer,Dermatology,12,Delhi,1526
DOC0468,Kendra Harris,Neurology,14,Mumbai,2104
DOC0469,Anthony Flores,ENT,6,Bangalore,544
DOC0470,Gina Walker,Dermatology,6,Hyderabad,2517
DOC0471,Marcus Alvarez,Cardiology,3,Mumbai,1084
DOC0472,Caitlin Black,Neurology,12,Pune,2236
DOC0473,Justin Maxwell,ENT,2,Delhi,813
DOC0474,Jordan Roberts,ENT,4,Pune,955
DOC0475,Nicole Perry,Cardiology,9,Bangalore,2999
DOC0476,Jeffrey Lee,Orthopedics,23,Delhi,2451
DOC0477,Danny Palmer,Neurology,30,Hyderabad,2991
DOC0478,Charles Thornton,Cardiology,5,Mumbai,822
DOC0479,Dr. Angela Mills DDS,Oncology,4,Hyderabad,2886
DOC0480,Michael Barnes,Dermatology,2,Bangalore,643
DOC0481,William Stone,Oncology,30,Bangalore,2076
DOC0482,Nicholas Ball,Neurology,28,Delhi,2440
DOC0483,Alyssa Johnson,Oncology,10,Delhi,2476
DOC0484,Michelle Martin,General Medicine,30,Delhi,1642
DOC0485,Sara Price,Dermatology,27,Bangalore,1991
DOC0486,Eric Porter,General Medicine,11,Delhi,1250
DOC0487,Katherine Rodriguez,Oncology,28,Mumbai,1893
DOC0488,Steven Rodriguez,Pediatrics,19,Delhi,2199
DOC0489,Christina Thompson MD,General Medicine,24,Hyderabad,856
DOC0490,Shawn Stevenson,Pediatrics,21,Pune,2163
DOC0491,Dana Sullivan,Oncology,1,Mumbai,2064
DOC0492,Billy Olson,Oncology,8,Hyderabad,2187
DOC0493,Dr. Matthew Prince,General Medicine,17,Pune,1863
DOC0494,Rebecca Ritter,Cardiology,2,Pune,1706
DOC0495,Michelle Benton,General Medicine,7,Bangalore,1234
DOC0496,Amanda Jacobs,Pediatrics,28,Delhi,763
DOC0497,Audrey Elliott,Neurology,14,Bangalore,1446
DOC0498,Charles Richardson,Dermatology,9,Pune,580
DOC0499,Dalton King,Dermatology,21,Pune,2249
DOC0500,Joshua Hill,ENT,16,Hyderabad,905
